date,Total,Comments,Perl,IDL,C/C++ Header,Assembly,Objective C,Python,Objective C++,Javascript,C,C++
20130101,1006588,276256,15408,26196,216149,19,44,2874,35279,79699,1018,604708
20130102,1006533,276337,15566,26178,216148,19,44,2874,35279,79699,1018,604499
20130103,1006720,276386,15572,26178,216324,19,44,2874,35301,79699,1018,604493
20130104,1007205,276457,15567,26200,216326,19,44,2874,35332,79699,1018,604929
20130105,1007107,276460,15567,26200,216315,19,44,2874,35332,79699,1018,604842
20130106,1007110,276461,15567,26200,216315,19,44,2874,35332,79699,1018,604845
20130107,1007460,276459,15567,26201,216484,19,44,2874,35330,79699,1018,605027
20130108,1007756,276587,15567,26196,216565,19,44,2874,35332,79696,1018,605231
20130109,1008177,276647,15567,26223,216613,19,44,2874,35346,79703,1018,605544
20130110,1008296,276696,15576,26255,216632,19,44,2874,35346,79702,1018,605603
20130111,1008607,276821,15577,26255,216719,19,44,2885,35350,79787,1018,605713
20130112,1008671,276844,15577,26255,216746,19,44,2885,35350,79787,1018,605749
20130113,1008665,276844,15577,26255,216738,19,44,2885,35350,79787,1018,605751
20130114,1008871,276866,15567,26212,216678,19,44,2885,35355,79863,1018,605967
20130115,1009867,277286,15567,26221,216835,19,44,2887,35355,80148,1018,606493
20130116,1011668,277808,15567,26433,217063,19,44,2888,35415,80479,1018,607329
20130117,1012918,278239,15567,26437,217347,19,44,2889,35439,80784,1018,607864
20130118,1013351,278229,15567,26471,217330,19,44,2890,35446,81012,1018,608031
20130119,1013614,278299,15567,26471,217371,19,44,2890,35490,81012,1018,608206
20130120,1013562,278134,15567,26441,217336,19,44,2890,35490,81012,1018,608219
20130121,1014230,278224,15588,26443,217512,19,44,2894,35494,81003,1018,608675
20130122,1012920,278179,15588,26476,216971,19,44,2931,35497,81391,1018,607430
20130123,1013051,278275,15572,26481,217135,19,44,2931,35501,81425,1018,607373
20130124,1013691,278276,15611,26452,217306,19,44,2931,35546,81548,1018,607673
20130125,1014153,278386,15611,26452,217388,19,44,2931,35539,81647,1018,607841
20130126,1014224,278401,15611,26452,217443,19,44,2931,35588,81647,1018,607807
20130127,1014221,278424,15611,26452,217440,19,44,2931,35580,81647,1018,607815
20130128,1014609,278615,15610,26482,217537,19,44,2931,35596,81623,1018,608075
20130129,1015668,278700,15730,26667,217666,19,44,2931,35596,81645,1018,608680
20130130,1015160,278617,15730,26636,217445,19,44,2931,35600,81763,1018,608288
20130131,1016525,278954,15794,26645,217703,19,44,2931,35606,81874,1018,609194
20130201,1020333,279557,15808,26639,218596,19,44,2931,35625,82029,1018,611882
20130202,1020415,279560,15808,26639,218600,19,44,2931,35620,82030,1018,611940
20130203,1020434,279562,15808,26639,218605,19,44,2931,35620,82030,1018,611954
20130204,1021057,279966,15805,26646,218816,19,44,2931,35683,82085,1018,612230
20130205,1021161,280174,15808,26617,218878,19,44,2931,35694,82104,1018,612263
20130206,1022200,280487,15808,26697,219194,19,44,2931,35719,82112,1018,612861
20130207,1023898,280925,15800,26736,219508,19,44,2931,35725,82655,1018,613631
20130208,1024666,281609,15800,26899,219876,19,44,2931,35731,82721,1018,613793
20130209,1024871,281714,15800,26900,219870,19,44,2931,35735,82757,1018,613881
20130210,1024857,281742,15800,26900,219814,19,44,2931,35765,82757,1018,613938
20130211,1026482,281930,15800,26901,220136,19,44,2932,35778,82917,1018,615017
20130212,1026480,281798,15804,26713,220064,19,44,2934,35789,83242,1018,614940
20130213,1026061,281640,15804,26749,219997,19,44,2934,35778,83200,1018,614589
20130214,1029331,282555,15893,26804,220639,19,44,2935,35925,83237,1018,616882
20130215,1029930,282589,15868,26821,220755,19,44,2929,35932,83378,1018,617218
20130216,1030379,282796,15866,26821,220804,19,44,2929,36042,83459,1018,617426
20130217,1030488,282843,15866,26821,220863,19,44,2929,36042,83459,1018,617474
20130218,1033417,283465,15871,26823,221547,19,44,2931,37830,83639,1018,617732
20130219,1033825,283551,15871,26824,221522,19,44,2931,37830,83690,1018,618108
20130220,1034507,283695,15871,26815,221640,19,44,2931,37847,83706,1018,618523
20130221,1035059,283793,15917,26815,221603,19,44,2951,37963,83959,1018,618752
20130222,1035783,284111,15926,26822,221758,19,44,2951,37951,84136,1018,619129
20130223,1035987,284196,15926,26823,221818,19,44,2951,37951,84136,1018,619271
20130224,1037185,284779,15966,26861,222047,19,44,2951,37959,84212,1018,620078
20130225,1038111,284955,15998,26861,222034,19,44,2951,37946,84553,1018,620643
20130226,1038777,284976,15999,26864,222223,19,44,2952,37993,84479,1018,621100
20130227,1039476,285061,16010,26870,222364,19,44,2953,38069,84496,1018,621531
20130228,1041193,285495,16007,26937,222582,19,44,2997,38072,85156,1018,622235
20130301,1041938,285630,16007,26946,222451,19,44,2997,38096,85900,1018,622319
20130302,1042394,285869,16007,26978,222489,19,44,2997,38099,85900,1018,622683
20130303,1042358,285710,15997,26972,222503,19,44,2997,38100,85900,1018,622657
20130304,1060280,286448,16018,26972,222677,19,44,2998,38095,101771,1018,624515
20130305,1061474,286671,16018,27009,223337,19,44,2998,38105,101703,1018,625084
20130306,1062098,286712,16019,27009,223524,19,44,2998,38118,101755,1018,625405
20130307,1064498,286946,16022,27060,223714,19,44,2998,38135,103073,1018,626014
20130308,1063851,286828,16022,27036,223684,19,44,2998,38195,102428,1018,626077
20130309,1064353,287004,16022,27036,223874,19,44,2998,38195,102435,1018,626379
20130310,1064353,286999,16022,27036,223868,19,44,2998,38195,102435,1018,626385
20130311,1064879,287118,16022,27036,223995,19,44,2998,38199,102582,1018,626623
20130312,1065217,287530,16015,27036,224255,19,44,2998,38365,102708,1018,626370
20130313,1065515,287574,16024,27037,224346,19,44,2998,38365,102805,1018,626461
20130314,1067120,287864,16024,27197,224791,19,44,2998,38367,102884,1018,627343
20130315,1068644,287951,16162,27220,225050,19,44,2998,38460,102967,1018,628267
20130316,1068635,287950,16162,27221,225066,19,44,2998,38458,102967,1018,628235
20130317,1068697,287948,16162,27221,225074,19,44,2998,38458,102967,1018,628255
20130318,1069227,288092,16162,27222,225134,19,44,2998,38462,103145,1018,628540
20130319,1070918,288510,16254,27223,225788,19,44,3000,38477,103589,1018,629023
20130320,1071117,288394,16265,27263,225796,19,44,3000,38631,103683,1018,628988
20130321,1071705,288582,16363,27232,225884,19,44,3002,38651,103725,1018,629471
20130322,1072270,288710,16353,27239,226028,19,44,3002,38636,103888,1018,629744
20130323,1072469,288712,16353,27239,226033,19,44,3002,38636,103888,1018,629938
20130324,1072951,288945,16353,27239,226208,19,44,3002,38646,103888,1018,630235
20130325,1073718,289192,16379,27347,226311,19,44,3002,38646,103956,1018,630693
20130326,1074189,289089,16379,27355,226360,19,44,3002,38937,104017,1018,630750
20130327,1074432,289024,16379,27356,226349,19,44,3002,38951,104102,1018,630903
20130328,1075467,289243,16387,27367,226463,19,44,3003,38804,104463,1018,631548
20130329,1075818,289427,16387,27367,226517,19,44,3003,38813,104544,1018,631758
20130330,1075844,289476,16387,27367,226583,19,44,3003,38813,104544,1018,631770
20130331,1075845,289476,16387,27367,226582,19,44,3003,38817,104544,1018,631768
20130401,1076404,289542,16387,27370,226701,19,44,3003,38817,104634,1018,632116
20130402,1077657,289788,16387,27370,226922,19,44,3003,38974,104634,1018,632957
20130403,1077936,289770,16387,27371,226934,19,44,3003,38982,104653,1018,633196
20130404,1077940,289743,16387,27371,226933,19,44,3003,39068,104653,1018,633118
20130405,1010990,262029,12643,27370,210903,19,44,3003,38316,104364,1018,587703
20130406,1010089,261740,12643,27220,210561,19,44,3003,38071,104349,1018,587561
20130407,1004138,259470,12643,27220,209963,19,44,3003,38041,104349,1018,582280
20130408,1003406,259375,12676,27220,209826,19,44,3003,38056,104349,1018,581641
20130409,1002276,258746,12676,27219,209862,19,44,2547,38180,104350,1018,580891
20130410,1002667,258761,12676,27209,209972,19,44,2547,38227,104350,1018,581135
20130411,1004205,259129,12676,27200,210450,19,44,2547,38224,104350,1018,582200
20130412,1004993,259309,12820,27224,210522,19,44,2547,38233,104350,1018,582734
20130413,1005009,259308,12820,27224,210522,19,44,2547,38233,104350,1018,582748
20130414,1005052,259359,12820,27225,210524,19,44,2547,38229,104350,1018,582792
20130415,1005121,259336,12820,27225,210539,19,44,2547,38229,104350,1018,582826
20130416,1005153,259285,12633,27205,210558,19,44,2547,38238,104341,1018,583044
20130417,1005459,259313,12650,27204,210591,19,44,2549,38238,104363,1018,583277
20130418,1005342,259320,12640,27204,210605,19,44,2549,38238,104363,1018,583138
20130419,1002386,258748,12640,27169,210173,19,44,2548,38238,104363,1018,580648
20130420,1003413,259071,12640,27333,210470,19,44,2548,38238,104363,1018,581169
20130421,1003470,259095,12640,27333,210516,19,44,2548,38238,104363,1018,581179
20130422,999524,258652,12640,27322,209642,19,44,2548,38260,104363,1018,578100
20130423,993717,256608,12641,27311,209248,19,44,2548,38098,104363,1018,572859
20130424,993470,256528,12641,27311,209197,19,44,2548,38066,104363,1018,572692
20130425,993659,256546,12644,27279,209242,19,44,2548,38066,104363,1018,572857
20130426,993356,256472,12650,27258,208972,19,44,2548,38065,104363,1018,572831
20130427,993295,256472,12650,27258,208959,19,44,2548,38067,104363,1018,572780
20130428,993190,256402,12681,27258,208916,19,44,2548,38055,104363,1018,572702
20130429,993084,256353,12681,27258,208884,19,44,2548,38055,104363,1018,572618
20130430,992564,256182,12685,27259,208863,19,44,2548,38066,104363,1018,572103
20130501,992683,256236,12685,27271,208884,19,44,2548,38066,104363,1018,572183
20130502,992657,256204,12685,27271,208708,19,44,2548,38218,104343,1018,572205
20130503,992460,256116,12685,27234,208639,19,44,2548,38218,104343,1018,572123
20130504,992194,256112,12685,27227,208590,19,44,2548,38218,104343,1018,571894
20130505,991982,256020,12660,27228,208541,19,44,2548,38015,104344,1018,571957
20130506,992089,256043,12660,27227,208533,19,44,2548,38015,104361,1018,572047
20130507,992130,256028,12657,27226,208555,19,44,2548,38018,104361,1018,572069
20130508,991592,255933,12657,27160,208491,19,44,2548,37971,104361,1018,571692
20130509,991772,255812,12736,26765,208493,19,44,2547,37971,104610,1018,571793
20130510,991492,255624,12736,26765,208409,19,44,2547,37971,104610,1011,571630
20130511,991592,255621,12754,26744,208488,19,44,2547,37971,104610,1011,571642
20130512,991466,255569,12754,26743,208388,19,44,2547,37961,104610,909,571705
20130513,991519,255578,12754,26739,208359,19,44,2547,37954,104610,909,571800
20130514,991792,255671,12754,26737,208376,19,44,2547,38498,104610,909,571503
20130515,991574,255525,12754,26737,208260,19,44,2547,38461,104610,909,571447
20130516,991932,255460,12754,26737,208244,19,44,2547,38471,104610,910,571501
20130517,991922,255298,12816,26724,208242,19,44,2547,38465,104610,910,571461
20130518,991755,255234,12816,26722,208184,19,44,2547,38461,104610,910,571350
20130519,991454,255015,12816,26722,208022,19,44,2547,38457,104610,910,571222
20130520,991704,255039,12816,26721,208078,19,44,2547,38461,104610,910,571413
20130521,991779,255082,12816,26720,208089,19,44,2547,38466,104610,910,571465
20130522,992089,255188,12816,26706,208154,19,44,2547,38473,104610,910,571716
20130523,991761,255073,12811,26706,208098,19,44,2547,38467,104610,910,571455
20130524,990618,254708,12811,26625,207942,19,44,2547,38468,104610,910,570553
20130525,990620,254712,12811,26625,207942,19,44,2547,38468,104610,910,570555
20130526,987827,253323,12811,26625,207856,19,44,2547,38440,102334,910,570391
20130527,987871,253297,12811,26625,207860,19,44,2547,38440,102334,910,570434
20130528,987878,253332,12811,26632,207907,19,44,2547,38448,102334,910,570378
20130529,984363,252549,12811,26600,207329,19,44,2547,38448,101813,910,568241
20130530,984838,252656,12811,26599,207409,19,44,2547,38448,101813,910,568631
20130531,984891,252653,12811,26599,207423,19,44,2547,38462,101813,910,568662
20130601,985271,252712,12811,26599,207500,19,44,2547,38463,101813,910,568964
20130602,985266,252710,12811,26599,207500,19,44,2547,38463,101809,910,568966
20130603,984796,252634,12811,26599,207447,19,44,2512,38188,101809,910,568897
20130604,984877,252648,12826,26593,207452,19,44,2512,38185,101809,910,568962
20130605,984823,252578,12825,26499,207486,19,44,2512,38185,101814,910,568976
20130606,984990,252588,12834,26500,207515,19,44,2512,38193,101814,910,569096
20130607,984350,252591,12682,25971,207528,19,44,2512,38193,101814,910,569124
20130608,984358,252593,12682,25971,207528,19,44,2512,38193,101814,910,569132
20130609,984375,252591,12682,25971,207530,19,44,2512,38193,101814,910,569147
20130610,984419,252625,12682,25971,207568,19,44,2512,38193,101815,910,569146
20130611,984493,252652,12715,25961,207560,19,44,2512,38192,101815,910,569206
20130612,984614,252658,12737,25917,207596,19,44,2512,38202,101815,910,569340
20130613,985184,252780,12752,25921,207663,19,44,2512,38245,101815,910,569781
20130614,985571,252804,12752,25921,207934,19,44,2512,38266,101815,910,569877
20130615,985571,252804,12752,25921,207934,19,44,2512,38266,101815,910,569877
20130616,985631,252811,12756,25921,207945,19,44,2512,38269,101815,910,569919
20130617,985634,252808,12756,25921,207951,19,44,2512,38212,101815,910,569975
20130618,985783,252853,12766,25923,207976,19,44,2512,38228,101815,910,570067
20130619,986453,252750,12548,25999,208028,19,44,2512,38328,101815,910,570732
20130620,986838,252743,12548,25998,208260,19,44,2512,38335,101815,910,570870
20130621,998372,253769,12557,26032,219564,19,44,2512,38348,101838,910,571018
20130622,998472,253801,12557,26032,219596,19,44,2512,38377,101838,910,571057
20130623,998470,253801,12557,26032,219595,19,44,2512,38377,101838,910,571056
20130624,998439,253762,12563,26060,219596,19,44,2512,38378,101838,910,570987
20130625,998353,253787,12563,26056,219598,19,44,2512,38378,101838,910,570903
20130626,998541,253794,12577,26045,219672,19,44,2512,37788,101838,910,571600
20130627,998599,253789,12589,26050,219656,19,44,2512,37788,101838,910,571644
20130628,998919,253847,12594,25989,219619,19,44,2512,37788,101838,910,572053
20130629,998911,253845,12594,25991,219612,19,44,2512,37815,101838,910,572023
20130630,998911,253845,12594,25991,219612,19,44,2512,37815,101838,910,572023
20130701,998856,253894,12594,25991,219632,19,44,2512,37805,101838,910,571958
20130702,996362,253548,12593,25991,219230,19,44,2512,37794,101838,910,569941
20130703,996449,253554,12593,25991,219280,19,44,2512,37794,101838,910,569976
20130704,996090,253522,12592,25920,219285,19,44,2512,37794,101838,910,569684
20130705,996590,253623,12592,25920,219376,19,44,2512,37803,101838,910,570084
20130706,996587,253623,12586,25920,219376,19,44,2512,37803,101838,910,570087
20130707,996594,253623,12586,25920,219383,19,44,2512,37803,101838,910,570087
20130708,996779,253635,12590,25922,219431,19,44,2512,37809,101838,910,570210
20130709,996808,253638,12572,25922,219442,19,44,2512,37814,101838,910,570241
20130710,996839,253653,12572,25890,219351,19,44,2512,37819,101838,911,570387
20130711,996329,253800,12559,25888,219332,19,44,2512,37814,101838,911,569901
20130712,996331,253800,12559,25888,219330,19,44,2512,37814,101838,911,569905
20130713,996331,253800,12559,25888,219330,19,44,2512,37814,101838,911,569905
20130714,996307,253799,12545,25888,219338,19,44,2512,37814,101838,911,569887
20130715,996304,253799,12545,25888,219338,19,44,2512,37814,101838,911,569884
20130716,996848,253973,12532,25894,219465,19,44,2512,37814,101838,911,570256
20130717,996962,254052,12532,25894,219490,19,44,2512,37816,101838,911,570378
20130718,997668,254156,12504,25924,219659,19,44,2512,37822,101838,911,570905
20130719,997799,254161,12495,25926,219676,19,44,2512,37793,101838,911,571055
20130720,997873,254172,12495,25926,219678,19,44,2512,37802,101838,911,571119
20130721,997873,254172,12495,25926,219678,19,44,2512,37802,101838,911,571119
20130722,998236,254198,12495,25926,219706,19,44,2512,37802,101841,911,571451
20130723,998240,254201,12495,25927,219709,19,44,2512,37802,101841,911,571450
20130724,997728,254020,12495,25927,219182,19,44,2512,37802,101841,911,571466
20130725,998629,254315,12495,25929,219841,19,44,2512,37804,101841,911,571695
20130726,998655,254312,12495,25929,219851,19,44,2512,37804,101841,911,571711
20130727,998802,254318,12495,25929,219982,19,44,2512,37804,101841,911,571727
20130728,998878,254325,12495,25929,219994,19,44,2512,37804,101841,911,571791
20130729,999068,254353,12495,25929,220020,19,44,2512,37804,101841,911,571955
20130730,999068,254344,12495,25930,220019,19,44,2512,37804,101841,911,571947
20130731,999189,254351,12495,25930,220032,19,44,2512,37806,101841,911,572053
20130801,999532,254373,12496,25930,220055,19,44,2512,37806,101841,911,572371
20130802,999895,254422,12496,25931,220151,19,44,2512,37806,101841,911,572637
20130803,999924,254424,12496,25931,220166,19,44,2512,37806,101841,911,572651
20130804,999964,254422,12482,25931,220173,19,44,2512,37814,101841,911,572690
20130805,998979,254025,12482,25920,219264,19,44,2512,37821,101841,911,572635
20130806,997999,253697,12478,25796,219021,19,44,2512,37773,101841,911,572118
20130807,998056,253751,12478,25796,219070,19,44,2512,37773,101841,911,572121
20130808,998251,253768,12478,25798,219101,19,44,2512,37789,101841,911,572267
20130809,998375,253868,12479,25827,219138,19,44,2512,37791,101841,911,572315
20130810,998386,253871,12480,25827,219138,19,44,2512,37794,101841,911,572319
20130811,998361,253851,12491,25824,219137,19,44,2512,37794,101841,911,572285
20130812,998548,253931,12491,25834,219202,19,44,2512,37801,101841,911,572389
20130813,998668,253960,12480,25837,219218,19,44,2512,37796,101841,911,572500
20130814,999291,254028,12494,25838,219299,19,44,2512,37796,101841,911,573022
20130815,998638,254138,12448,25282,219354,19,44,2512,37910,101841,911,572847
20130816,998614,254104,12448,25282,219325,19,44,2512,37853,101841,911,572913
20130817,998495,254120,12450,25282,219386,19,44,2512,37847,101841,911,572735
20130818,998542,254169,12457,25282,219389,19,44,2512,37847,101841,911,572769
20130819,998119,254084,12345,25282,219457,19,44,2512,37858,101841,911,572383
20130820,997962,254251,12339,25282,219372,19,44,2512,37582,101841,911,572593
20130821,998007,254241,12339,25282,219377,19,44,2512,37556,101841,911,572659
20130822,997916,254203,12341,25251,219393,19,44,2512,37556,101841,911,572587
20130823,998276,254262,12341,25253,219727,19,44,2512,37556,101841,911,572604
20130824,998154,254259,12341,25253,219730,19,44,2512,37556,101841,911,572479
20130825,998259,254317,12341,25253,219928,19,44,2512,37556,101841,911,572384
20130826,998402,254337,12342,25253,219964,19,44,2520,37587,101841,911,572448
20130827,998789,254394,12342,25264,220056,19,44,2520,37587,101841,911,572731
20130828,999147,254515,12342,25264,220325,19,44,2520,37581,101841,911,572822
20130829,998780,254350,12342,25231,220204,19,44,2520,37579,101841,911,572630
20130830,999725,254613,12342,25231,220657,19,44,2520,37583,101843,911,573099
20130831,999902,254648,12342,25232,220744,19,44,2520,37598,101843,911,573172
20130901,1000274,254674,12342,25232,221067,19,44,2520,37622,101843,911,573196
20130902,1000237,254697,12378,25240,220860,19,44,2520,37623,101843,911,573318
20130903,1000373,254708,12378,25239,220927,19,44,2520,37623,101843,911,573388
20130904,1001138,254873,12378,25239,221019,19,44,2520,37664,101843,911,573952
20130905,1001274,254955,12381,25239,220979,19,44,2520,37664,101843,911,574119
20130906,1001259,254954,12381,25239,220766,29,44,2520,37664,101843,911,574308
20130907,1001185,254932,12385,25239,220711,29,44,2520,37596,101843,911,574348
20130908,1000770,254763,12385,25232,220512,29,44,2520,37561,101843,911,574184
20130909,1001747,255293,12385,25257,220616,29,44,2520,37561,101843,911,574784
20130910,1001914,255353,12383,25255,220612,29,44,2520,37651,101843,911,574869
20130911,1001193,255271,12414,25225,220484,29,44,2520,37589,101843,911,574322
20130912,1001309,255285,12414,25218,220569,29,44,2520,37593,101771,911,574435
20130913,1000915,255247,12425,25220,220671,29,44,2520,37657,101771,911,573883
20130914,1001064,255342,12431,25220,220672,29,44,2717,37655,102163,911,573828
20130915,1001327,255358,12418,25223,220716,29,44,2717,37655,102161,911,574061
20130916,1001414,255360,12427,25223,220692,29,44,2716,37655,102161,911,574133
20130917,1002909,255394,12401,25288,220924,29,44,2716,38400,102161,911,574599
20130918,1003940,255930,12401,25467,221195,29,44,2716,38408,102161,911,575148
20130919,1003960,256001,12401,25464,221108,29,44,2716,38408,102161,911,575253
20130920,1004471,256174,12743,25468,221147,29,44,2716,38410,102161,911,575377
20130921,1004538,256121,12746,25469,221161,29,44,2716,38410,102229,911,575363
20130922,1004561,256123,12746,25469,221185,29,44,2716,38412,102229,911,575360
20130923,1004427,256020,12746,25469,221016,29,44,2716,38428,102235,911,575379
20130924,1004816,256044,12746,25469,221135,29,44,2716,38510,102235,911,575569
20130925,1004229,255947,12746,25436,221031,29,44,2716,38510,102235,911,575127
20130926,1004323,255683,12746,25495,221047,29,44,2716,38510,102235,911,575162
20130927,1006317,255874,12746,25502,221279,29,44,2716,38524,103008,911,575916
20130928,1006382,255862,12746,25502,221350,29,44,2716,38524,103008,911,575910
20130929,1006383,255815,12746,25502,221346,29,44,2716,38524,103008,911,575918
20130930,1006128,255778,12746,25499,221276,29,44,2716,38641,103022,911,575611
20131001,999631,253287,12746,24503,219522,29,44,2715,38702,103022,911,572004
20131002,983199,249956,12752,24270,217533,29,44,2715,38788,103022,911,557705
20131003,982445,249810,12752,24270,217517,29,44,2715,38804,103022,911,556951
20131004,983095,249919,12752,24370,217606,29,44,2715,38998,103022,911,557218
20131005,982682,249841,12760,24356,217471,29,44,2715,38998,103022,911,557135
20131006,982653,249750,12760,24515,217439,29,44,2715,39001,103022,911,556980
20131007,983775,250302,12763,24794,217774,29,44,2715,39003,103022,911,557423
20131008,983993,250289,12763,24794,217877,29,44,2715,39005,103022,911,557534
20131009,983861,250282,12763,24794,217831,29,44,2715,38971,103022,911,557479
20131010,984070,250321,12763,24794,217787,29,44,2715,39070,103076,911,557669
20131011,877884,227660,12763,24794,217526,29,44,2307,38992,6310,911,557232
20131012,877686,227696,12780,24794,217362,29,44,2307,38991,6310,911,557179
20131013,876846,227534,12778,24756,217035,29,44,2307,38991,6310,911,556710
20131014,877132,227718,12778,24790,217127,29,44,2307,38978,6310,911,556877
20131015,876437,227826,12795,24790,217244,29,44,2307,39022,5375,911,556936
20131016,876573,227828,12795,24790,217404,29,44,2307,39019,5375,911,556905
20131017,876976,227906,12795,24791,217559,29,44,2307,38996,5375,911,557163
20131018,877212,228032,12795,24791,218088,29,44,2307,38997,5375,911,556863
20131019,877279,228056,12795,24791,218145,29,44,2307,39004,5375,911,556864
20131020,877391,228090,12795,24791,218192,29,44,2307,39004,5375,911,556928
20131021,877811,228132,12795,24791,218339,29,44,2307,39016,5375,911,557189
20131022,878039,228288,12795,24791,218357,29,44,2307,39051,5375,911,557361
20131023,878358,228259,12795,24791,218455,29,44,2307,39007,5375,911,557628
20131024,878623,228462,12789,24841,218090,29,44,2307,39007,5375,911,558205
20131025,878841,228556,12789,24848,218192,29,44,2307,39013,5375,911,558307
20131026,878869,228361,12815,24848,218193,29,44,2307,39013,5375,911,558308
20131027,878900,228366,12815,24848,218193,29,44,2307,38993,5375,911,558359
20131028,879062,228403,12815,24846,218249,29,44,2307,38908,5374,912,558549
20131029,881447,229259,12817,24847,219164,29,44,2158,39763,5335,912,559347
20131030,880783,229073,12817,24714,219091,29,44,2158,39757,5335,912,558910
20131031,881394,229392,12817,24715,219293,29,42,2158,39690,5335,912,559380
20131101,881753,229394,12817,24719,219290,29,42,2158,39690,5400,912,559674
20131102,882662,229934,12817,24721,219795,29,42,2158,39690,5400,912,560073
20131103,883028,229986,12819,24725,219931,29,42,2158,39690,5400,912,560297
20131104,883135,230040,12819,24725,220167,29,42,2158,39710,5400,912,560147
20131105,882222,230027,12819,24725,220173,29,42,2158,39684,5400,912,559257
20131106,882599,230084,12819,24726,220230,29,42,2158,39801,5477,912,559367
20131107,884581,230825,12819,24821,220664,29,42,2158,39882,5477,912,560733
20131108,884839,231045,12832,24823,220841,29,42,2158,39887,5477,912,560791
20131109,884791,230951,12827,24823,220787,29,42,2158,39878,5477,912,560815
20131110,884522,230947,12827,24823,220647,29,42,2158,39860,5477,912,560704
20131111,884627,231011,12827,24601,220719,29,42,2158,39860,5527,912,560904
20131112,884777,231076,12829,24601,220715,29,42,2158,39860,5527,912,561052
20131113,885698,231424,12829,24603,220889,29,42,2187,39872,5539,912,561686
20131114,886528,231182,12829,24604,221096,29,42,2222,39889,5539,912,562253
20131115,887722,231569,12829,24605,222283,29,42,2222,39889,5539,912,562225
20131116,887895,231623,12829,24605,222378,29,42,2222,39912,5539,912,562277
20131117,887934,231625,12829,24605,222403,29,42,2222,39912,5539,912,562291
20131118,888769,231771,12832,24605,222530,29,42,2222,39775,5539,912,563126
20131119,889459,231768,12832,24607,222504,29,42,2222,40006,5539,912,563610
20131120,890462,231970,12832,24607,222792,29,42,2222,40006,5539,912,564317
20131121,891655,232323,12829,24637,223069,29,42,2222,40136,5539,912,565068
20131122,891552,232319,12829,24633,223004,29,42,2221,40132,5539,912,565041
20131123,891016,232268,12829,24633,222979,29,42,2221,40131,5539,912,564535
20131124,891024,232268,12829,24633,222984,29,42,2221,40136,5539,912,564533
20131125,891060,232262,12829,24633,222980,29,42,2221,40136,5539,912,564573
20131126,891085,232264,12829,24634,223000,29,42,2221,40136,5539,912,564577
20131127,891590,232384,12829,24664,223060,29,42,2221,40135,5539,912,564666
20131128,891734,232464,12827,24695,222975,29,42,2221,40135,5805,912,564589
20131129,891729,232464,12827,24695,222970,29,42,2221,40135,5805,912,564589
20131130,891729,232464,12827,24695,222970,29,42,2221,40135,5805,912,564589
20131201,891744,232467,12827,24695,222973,29,42,2221,40135,5805,912,564601
20131202,893040,232889,12827,24695,223494,29,42,2221,40135,5805,912,565369
20131203,894084,233158,12827,24725,223642,29,42,2221,40155,5805,912,566066
20131204,894625,233291,12827,24727,223679,29,42,2221,40155,5805,912,566566
20131205,894590,233240,12827,24727,223695,29,42,2221,40043,5805,912,566624
20131206,898104,233701,12827,24727,224200,29,42,2215,41853,5805,912,567829
20131207,898087,233643,12827,24728,224190,29,42,2215,41853,5805,912,567823
20131208,898072,233636,12841,24728,224189,29,42,2215,41867,5805,912,567778
20131209,898622,233807,12841,24764,224359,29,42,2217,41908,5805,912,568065
20131210,898839,233784,12841,24776,224337,29,42,2217,41911,5805,912,568062
20131211,898218,233342,12841,24777,224073,29,42,2217,41911,5808,912,567709
20131212,898789,233517,12841,24775,224191,29,42,2217,41929,5808,912,568144
20131213,896928,233210,12842,24770,224103,29,42,324,41939,5808,912,568250
20131214,896772,233210,12843,24770,224102,29,42,324,41939,5808,912,568098
20131215,896771,233210,12843,24770,224102,29,42,324,41939,5808,912,568097
20131216,896885,233219,12846,24771,224106,29,42,324,41926,5817,912,568207
20131217,897884,233221,12848,24790,224247,29,42,324,41967,5817,912,568942
20131218,899183,233401,12851,24797,224573,29,42,324,41973,5817,912,569884
20131219,900199,233535,12851,24797,224723,29,42,324,42155,5817,912,570567
20131220,900807,233702,12862,24798,224843,29,42,324,42179,5844,912,570974
20131221,901325,233857,12862,24835,224927,29,42,324,42267,5838,912,571280
20131222,901338,233858,12862,24835,224939,29,42,324,42271,5838,912,571277
20131223,902284,233909,12874,24835,224964,29,42,324,42271,5838,912,572188
20131224,902363,233909,12880,24835,224976,29,42,324,42274,5838,912,572239
20131225,902448,233961,12880,24835,224998,29,42,324,42274,5838,912,572303
20131226,902452,233958,12874,24835,224999,29,42,324,42273,5838,912,572315
20131227,904525,234146,12874,24844,225332,29,42,324,43331,5838,912,572988
20131228,904545,234192,12874,24844,225341,29,42,324,43331,5838,912,572994
20131229,904679,234213,12874,24844,225446,29,42,324,43331,5838,912,572983
20131230,904576,234183,12874,24844,225415,29,42,324,43331,5838,912,572913
20131231,904665,234189,12874,24844,225408,29,42,324,43331,5838,912,573009
20140101,904688,234233,12874,24844,225415,29,42,324,43327,5838,912,573029
20140102,904977,234272,12896,24844,225521,29,42,324,43094,5838,912,573426
20140103,905582,234373,12896,24844,225580,29,42,324,43159,5923,912,573466
20140104,905656,234377,12896,24844,225673,29,42,324,43113,5923,912,573484
20140105,905659,234377,12896,24844,225676,29,42,324,43113,5923,912,573484
20140106,906255,234420,12896,24844,225760,29,42,324,43113,5923,912,573938
20140107,906109,234461,12892,24840,225682,29,42,324,43145,5923,912,573843
20140108,906165,234519,12892,24842,225733,29,42,324,43145,5923,912,573837
20140109,915058,236015,12880,24799,227421,29,44,127,49862,5291,912,575239
20140110,899542,232849,13195,24860,224775,29,212,127,53973,4520,992,559323
20140111,899715,232959,13189,24860,224920,29,212,127,53981,4520,992,559348
20140112,899913,233202,13189,24860,224995,29,212,127,54071,4520,992,559353
20140113,900671,233376,13189,24867,225082,29,212,127,54180,4520,992,559905
20140114,900528,233289,13189,24867,224992,29,212,127,54177,4520,992,559855
20140115,900374,233312,13189,24870,224933,29,212,127,54177,4520,992,559760
20140116,899579,232718,13189,24870,224246,29,212,127,54254,4520,992,559612
20140117,899237,232629,13189,24870,224007,29,212,127,54265,4520,992,559514
20140118,894126,231232,13189,24864,223351,29,212,127,54268,4518,992,555732
20140119,894117,231232,13189,24864,223355,29,212,127,54268,4518,992,555719
20140120,894614,231362,13189,24864,223382,29,212,127,54594,4518,992,555860
20140121,894604,231407,13189,24864,223418,29,212,127,54600,4518,992,555812
20140122,895174,231526,13189,24898,223529,29,212,127,54636,4518,992,556188
20140123,890433,229701,13189,24827,222091,29,212,127,54634,4518,992,553038
20140124,889998,229495,13189,24826,221947,29,212,127,54641,4518,992,552752
20140125,888934,229067,13197,24779,221722,29,212,127,54648,4518,992,551979
20140126,888028,229034,13197,24778,221587,29,212,127,54648,4518,992,551205
20140127,887624,228927,13194,24777,221494,29,212,127,54644,4518,992,550905
20140128,888340,228999,13194,24777,221580,29,212,127,54660,4518,992,551511
20140129,888486,229003,13199,24775,221579,29,212,127,54679,4545,992,551609
20140130,888066,229164,13199,24788,221493,29,212,127,54751,4636,992,551077
20140131,888463,229226,13199,24835,221600,29,212,127,54749,4636,992,551316
20140201,888642,229229,13199,24835,221617,29,212,127,54832,4636,992,551397
20140202,888417,229177,13199,24835,221742,29,212,127,54832,4636,992,551049
20140203,888165,228972,13293,24835,221445,29,212,127,54832,4636,992,551012
20140204,883831,227803,12463,24757,220609,29,212,127,54889,4636,992,548377
20140205,882030,227736,12463,24558,220004,29,212,127,54886,4636,992,547403
20140206,881447,227466,12574,24556,219881,29,212,127,54905,4636,992,546831
20140207,881920,227537,12574,24589,219927,29,212,127,54958,4636,992,547164
20140208,881721,227578,12574,24589,219944,29,212,127,54883,4636,992,547024
20140209,881747,227627,12574,24589,219957,29,212,127,54883,4636,992,547027
20140210,881550,227514,12574,24589,219872,29,212,127,54871,4636,992,546939
20140211,882892,227595,12579,24589,220089,29,212,177,54922,4636,992,547957
20140212,883222,227681,12579,24622,220171,29,212,177,55097,4636,992,547990
20140213,883593,227713,12579,24627,220169,29,212,177,55097,4822,992,548087
20140214,883531,227708,12579,24563,220131,29,212,177,55108,4873,992,548069
20140215,883814,227765,12579,24577,220185,29,212,177,55237,4873,992,548155
20140216,883724,227758,12579,24577,220150,29,212,177,55237,4873,992,548100
20140217,883236,227595,12579,24578,220048,29,212,177,55238,4899,992,547805
20140218,883177,227567,12579,24578,219957,29,212,177,55266,4893,992,547815
20140219,883057,227559,12580,24578,219662,29,212,177,55266,4893,992,547989
20140220,884324,227605,12580,24580,219698,29,212,177,55266,4893,992,549215
20140221,884589,227739,12376,24580,219792,29,212,177,55263,4893,992,549619
20140222,885067,227866,12376,24580,219913,29,212,177,55393,4972,992,549731
20140223,885079,227866,12376,24580,219911,29,212,177,55393,4972,992,549745
20140224,884688,227820,12376,24580,219843,29,212,177,55391,4972,992,549453
20140225,884978,227775,12376,24580,219861,29,212,177,55485,4963,992,549633
20140226,885283,227869,12376,24580,219946,29,212,177,55489,4963,992,549843
20140227,885232,227837,12376,24581,219917,29,212,177,55569,4972,992,549738
20140228,885668,227901,12387,24584,220039,29,212,177,55623,4976,992,549970
20140301,885931,227920,12386,24584,220109,29,212,177,55641,4976,992,550146
20140302,885937,227945,12386,24584,220145,29,212,177,55622,4976,992,550114
20140303,888084,228630,12384,24585,220818,29,212,177,55688,4976,992,551516
20140304,888129,228725,12387,24585,220848,29,212,177,55721,4976,992,551504
20140305,888530,228738,12387,24592,220919,29,212,177,55803,4985,992,551717
20140306,888316,228755,12386,24540,220931,29,212,177,55849,4985,992,551505
20140307,888267,228699,12382,24609,220950,29,212,177,55854,4985,992,551359
20140308,888418,228700,12382,24609,220971,29,212,177,55854,4985,992,551489
20140309,888574,228725,12382,24609,221008,29,212,177,55931,4985,992,551530
20140310,888555,228814,12382,24609,221015,29,212,254,55931,4985,992,551441
20140311,888766,228834,12382,24609,221019,29,212,254,55940,4985,992,551617
20140312,885051,228211,12382,24609,220421,29,212,254,55999,4993,992,548438
20140313,885560,228378,12466,24609,220607,29,212,254,56100,4993,992,548576
20140314,887024,228352,12520,24609,220660,29,212,254,56131,4994,992,549901
20140315,887031,228352,12520,24609,220671,29,212,254,56131,4994,992,549897
20140316,887242,228410,12520,24609,220785,29,212,254,56132,4994,1002,549971
20140317,887584,228459,12520,24611,220854,29,212,254,56130,4994,1002,550218
20140318,887910,228473,12520,24611,221083,29,212,254,56101,4994,1002,550341
20140319,888264,228493,12520,24617,221136,29,212,254,56050,5016,1002,550664
20140320,889330,228801,12527,24618,221464,29,212,254,56210,5016,1002,551228
20140321,889789,229026,12515,24619,221586,29,212,337,56236,5016,1003,551455
20140322,889846,229020,12514,24622,221566,29,212,337,56260,5016,1003,551506
20140323,889878,229082,12511,24622,221521,29,212,337,56308,5016,1003,551535
20140324,890020,229171,12511,24624,221553,29,212,337,56289,5016,1003,551659
20140325,888934,229345,12523,24629,221664,29,212,337,56377,5016,1003,551849
20140326,881390,229264,12523,24629,221520,29,212,337,56461,5016,1003,550997
20140327,881478,229256,12523,24629,221645,29,212,337,56502,5016,1003,550919
20140328,881804,229312,12510,24635,221807,29,212,337,56555,5016,1003,551037
20140329,882017,229417,12510,24635,221862,29,212,342,56500,5016,1003,551244
20140330,882110,229429,12510,24634,221971,29,212,342,56499,5016,1003,551230
20140331,882282,229510,12510,24636,222173,29,212,342,56506,5016,1003,551191
20140401,879805,228514,12514,24636,222012,29,212,342,56507,3005,1003,550883
20140402,880348,228561,12514,24636,222276,29,212,342,56621,3005,1003,551040
20140403,880662,228508,12514,24639,222219,29,212,342,56986,3014,1003,551035
20140404,880651,228531,12531,24640,222108,29,212,342,56986,3014,1003,551118
20140405,880721,228537,12531,24640,222121,29,212,342,56986,3014,1003,551175
20140406,880586,228541,12531,24637,222076,29,212,342,56986,3014,1003,551088
20140407,882288,229840,12482,24637,223912,29,212,342,56986,3014,1003,551203
20140408,882135,229820,12482,24637,223962,29,212,342,56978,3014,1003,551009
20140409,880972,229685,12482,24638,223928,29,212,342,57115,3014,274,550559
20140410,880972,229659,12482,24639,223929,29,212,342,57116,2867,274,550716
20140411,882201,229905,12484,24677,224172,29,212,342,57262,2875,274,551507
20140412,882140,229912,12452,24677,224160,29,212,342,57256,2875,274,551496
20140413,882155,229915,12452,24677,224157,29,212,342,57256,2875,274,551514
20140414,882566,229931,12452,24677,224211,29,212,342,57345,2875,274,551782
20140415,883085,230129,12452,24677,224308,29,212,342,57347,2875,274,552201
20140416,883354,230162,12462,24678,224334,29,212,342,57351,2875,274,552429
20140417,883525,230190,12458,24670,224290,29,212,342,57388,2875,274,552619
20140418,883339,229936,12452,24601,224316,29,212,342,57397,2875,274,552484
20140419,882661,229858,12452,24602,224060,29,212,342,57396,2875,274,552063
20140420,882776,229858,12452,24602,224121,29,212,342,57393,2875,274,552120
20140421,883579,230036,12453,24613,224288,29,212,342,57639,2861,274,552511
20140422,883926,230142,12453,24613,224351,29,212,342,57666,2861,274,552767
20140423,884161,230370,12453,24613,224407,29,212,342,57691,2861,274,552921
20140424,884357,230391,12463,24615,224456,29,212,342,57784,2861,274,552959
20140425,884598,230522,12466,24615,224572,29,212,342,57802,2894,274,553029
20140426,884606,230523,12466,24615,224572,29,212,342,57802,2895,274,553036
20140427,884278,230522,12466,24615,224529,29,212,342,57852,2895,274,552701
20140428,884887,230670,12469,24613,224618,29,212,342,57863,2895,274,553207
20140429,884931,230747,12469,24621,224670,29,212,342,57863,2895,274,553187
20140430,884959,230753,12469,24621,224663,29,212,342,57863,2895,274,553212
20140501,883325,230673,12469,24621,224440,29,212,342,56865,2895,274,552800
20140502,883236,230582,12469,24621,224403,29,212,342,56980,2896,274,552633
20140503,883290,230577,12469,24621,224415,29,212,342,57002,2908,274,552633
20140504,883355,230581,12469,24621,224436,29,212,342,56960,2908,274,552719
20140505,883416,230640,12500,24637,224424,29,212,342,57012,2908,274,552693
20140506,882710,230489,12503,24637,224403,29,212,342,57177,2908,274,551834
20140507,882997,230512,12503,24637,224442,29,196,342,57266,2908,274,552009
20140508,883141,230515,12503,24639,224445,29,196,342,57270,2919,274,552130
20140509,883482,230579,12503,24639,224489,29,196,342,57433,2919,274,552264
20140510,883529,230580,12503,24639,224489,29,196,342,57455,2919,274,552288
20140511,883558,230576,12503,24639,224490,29,196,342,57456,2919,274,552315
20140512,882828,230562,12503,24668,223611,29,196,342,57563,2919,274,552325
20140513,883255,230629,12503,24672,223642,29,196,342,57629,2919,274,552652
20140514,883209,230616,12503,24683,223634,29,196,342,57588,2919,274,552644
20140515,883162,230607,12502,24683,223653,29,196,342,57609,2919,274,552572
20140516,883256,230614,12502,24683,223657,29,196,342,57642,2919,274,552629
20140517,883317,230615,12502,24683,223666,29,196,342,57652,2919,274,552671
20140518,883794,230862,12502,24773,223826,29,196,342,57652,2919,274,552897
20140519,884073,231049,12502,24773,223928,29,196,342,57672,2919,274,553051
20140520,884332,231112,12502,24773,223990,29,196,342,57683,2922,274,553233
20140521,884315,231116,12502,24773,223992,29,196,342,57683,2922,274,553225
20140522,884329,231112,12502,24774,224007,29,196,342,57696,2924,274,553208
20140523,884404,231110,12503,24774,224028,29,196,342,57685,2924,274,553272
20140524,884860,231276,12503,24774,224174,29,196,342,57669,2924,274,553606
20140525,884895,231275,12503,24774,224154,29,196,342,57669,2924,274,553661
20140526,884901,231247,12503,24774,224158,29,196,342,57666,2924,274,553670
20140527,884730,231245,12503,24768,224091,29,196,342,57656,2935,274,553537
20140528,884966,231259,12540,24768,224100,29,196,342,57663,2935,274,553720
20140529,885126,231273,12540,24772,224124,29,196,342,57688,2935,274,553827
20140530,885241,231285,12540,24772,224134,29,196,342,57688,2935,274,553932
